ts_start,src_ip,total_packets,total_bytes,duration,pkts_per_sec,bytes_per_sec,syn_count,unique_dst_ports,flow_id,label,alert_id,alert_score,detected_at
2025-11-24T08:29:39.453406,225.223.227.172,20,6796,4.454,4.49,1525.819,1,3,flow_0,0,,,
2025-11-24T06:54:01.453447,169.206.235.198,2,13856,8.693,0.23,1593.926,1,2,flow_1,0,,,
2025-11-24T17:21:28.453463,153.72.75.231,18,18986,1.668,10.791,11382.494,0,2,flow_2,0,,,
2025-11-24T03:06:37.453476,143.155.166.253,16,14255,8.062,1.985,1768.172,2,1,flow_3,0,,,
2025-11-24T15:39:25.453487,24.150.253.112,20,268,6.814,2.935,39.331,0,1,flow_4,0,,,
2025-11-24T09:22:28.453497,228.239.62.232,2,4130,8.65,0.231,477.457,0,3,flow_5,0,,,
2025-11-24T07:00:36.453546,94.236.227.217,196,56391,1.394,140.603,40452.654,7,33,flow_6,1,alert_6,0.7563,2025-11-24T17:22:39.453538
2025-11-24T04:15:20.453563,10.245.78.14,13,19951,9.913,1.311,2012.61,2,2,flow_7,0,,,
2025-11-24T11:26:23.453574,198.107.236.170,16,552,6.959,2.299,79.322,1,2,flow_8,0,,,
2025-11-24T11:40:02.453589,124.205.105.106,91,46953,2.063,44.111,22759.573,50,39,flow_9,1,alert_9,0.6446,2025-11-24T17:01:20.453585
2025-11-24T01:04:25.453602,11.236.91.189,60,174732,4.704,12.755,37145.408,49,20,flow_10,1,alert_10,0.7814,2025-11-24T16:48:00.453599
2025-11-24T03:45:16.453616,51.187.1.199,124,80477,4.833,25.657,16651.562,13,5,flow_11,1,alert_11,0.6798,2025-11-24T16:44:10.453613
2025-11-24T11:57:54.453627,229.43.89.123,12,15690,5.523,2.173,2840.847,2,2,flow_12,0,,,
2025-11-24T07:52:12.453636,84.67.236.84,9,2356,3.219,2.796,731.904,1,1,flow_13,0,,,
2025-11-24T17:05:09.453645,78.148.47.11,18,292,2.651,6.79,110.147,2,3,flow_14,0,,,
2025-11-24T01:27:59.453654,69.47.139.69,16,12779,2.319,6.9,5510.565,2,2,flow_15,0,,,
2025-11-24T01:42:09.453663,252.1.45.74,13,17260,8.333,1.56,2071.283,1,2,flow_16,0,,,
2025-11-24T13:01:38.453672,63.90.11.38,7,17941,2.046,3.421,8768.817,1,2,flow_17,0,,,
2025-11-24T12:29:03.453681,228.211.148.199,14,15537,6.487,2.158,2395.098,0,3,flow_18,0,,,
2025-11-23T21:42:13.453689,39.21.122.86,2,13048,4.052,0.494,3220.138,2,1,flow_19,0,,,
2025-11-24T12:41:30.453698,89.163.234.236,17,3060,1.615,10.526,1894.737,1,2,flow_20,0,,,
2025-11-23T18:41:41.453707,77.155.58.21,19,14908,6.633,2.864,2247.55,0,3,flow_21,0,,,
2025-11-24T09:15:10.453715,63.221.83.208,1,2950,2.692,0.371,1095.84,1,1,flow_22,0,,,
2025-11-24T10:12:05.453724,13.87.214.33,9,1986,7.791,1.155,254.91,2,3,flow_23,0,,,
2025-11-23T22:56:08.453733,110.165.158.73,16,4172,1.021,15.671,4086.19,0,3,flow_24,0,,,
2025-11-24T08:28:38.453744,241.27.229.164,136,108267,1.786,76.148,60619.821,14,19,flow_25,1,alert_25,0.8994,2025-11-24T17:06:38.453741
2025-11-23T21:07:20.453755,103.66.24.132,14,4197,1.085,12.903,3868.203,2,2,flow_26,0,,,
2025-11-24T01:21:40.453767,128.105.142.182,154,160278,4.803,32.063,33370.394,10,31,flow_27,1,alert_27,0.8527,2025-11-24T16:55:38.453764
2025-11-24T09:10:20.453779,227.20.254.244,63,97794,1.87,33.69,52296.257,25,45,flow_28,1,alert_28,0.7782,2025-11-24T16:43:53.453776
2025-11-24T05:07:04.453788,161.39.205.32,3,16306,8.186,0.366,1991.937,2,1,flow_29,0,,,
2025-11-24T15:23:03.453800,114.81.131.226,138,132121,3.955,34.893,33406.068,17,30,flow_30,1,alert_30,0.6764,2025-11-24T16:46:01.453797
2025-11-24T11:42:20.453809,225.22.116.95,5,13560,8.552,0.585,1585.594,1,1,flow_31,0,,,
2025-11-24T01:41:53.453818,118.134.48.98,8,9947,1.896,4.219,5246.308,2,1,flow_32,0,,,
2025-11-24T04:38:15.453845,213.25.68.36,20,12091,3.979,5.026,3038.703,2,1,flow_33,0,,,
2025-11-24T09:33:20.453857,12.69.226.228,7,10907,1.613,4.34,6761.934,2,2,flow_34,0,,,
2025-11-24T14:44:57.453871,111.236.195.79,182,123291,0.876,207.763,140743.151,30,24,flow_35,1,alert_35,0.8112,2025-11-24T17:18:31.453867
2025-11-24T04:50:23.453882,133.148.84.11,19,9277,9.187,2.068,1009.796,2,2,flow_36,0,,,
2025-11-24T09:50:11.453893,40.115.59.247,76,148513,3.839,19.797,38685.335,32,23,flow_37,1,alert_37,0.8932,2025-11-24T17:20:44.453890
2025-11-24T10:56:18.453905,193.184.91.205,113,118432,1.143,98.863,103615.048,38,23,flow_38,1,alert_38,0.9629,2025-11-24T17:16:59.453902
2025-11-24T05:11:56.453915,107.19.121.175,13,4096,0.632,20.57,6481.013,1,3,flow_39,0,,,
2025-11-24T16:57:46.453924,185.169.183.143,15,1637,5.879,2.551,278.449,1,1,flow_40,0,,,
2025-11-24T08:09:49.453933,208.233.44.188,8,7178,8.385,0.954,856.052,0,2,flow_41,0,,,
2025-11-24T12:42:28.453942,121.28.64.51,6,6631,0.601,9.983,11033.278,2,1,flow_42,0,,,
2025-11-23T18:25:02.453950,187.125.162.161,19,6777,1.433,13.259,4729.239,0,1,flow_43,0,,,
2025-11-24T05:00:26.453962,133.118.74.111,166,31574,4.911,33.802,6429.24,5,44,flow_44,1,alert_44,0.6852,2025-11-24T17:23:52.453959
2025-11-24T08:07:58.453972,61.229.2.56,5,10271,6.473,0.772,1586.745,0,2,flow_45,0,,,
2025-11-24T13:11:34.453981,7.70.123.70,6,1954,0.171,35.088,11426.901,0,2,flow_46,0,,,
2025-11-24T02:51:10.453990,47.15.182.174,17,16774,1.923,8.84,8722.829,1,2,flow_47,0,,,
2025-11-23T18:41:05.453999,245.45.155.208,14,11483,1.937,7.228,5928.24,0,2,flow_48,0,,,
2025-11-23T23:13:26.454007,103.86.229.149,12,15120,4.204,2.854,3596.575,1,2,flow_49,0,,,
2025-11-24T14:15:30.454018,244.237.181.252,197,198157,4.037,48.799,49085.212,37,43,flow_50,1,alert_50,0.901,2025-11-24T17:04:23.454015
2025-11-24T14:59:02.454029,113.218.100.107,13,9780,6.429,2.022,1521.232,1,2,flow_51,0,,,
2025-11-24T07:54:30.454038,204.35.41.75,18,18477,6.822,2.639,2708.443,0,2,flow_52,0,,,
2025-11-24T12:34:56.454046,164.252.27.12,1,10027,0.268,3.731,37414.179,2,3,flow_53,0,,,
2025-11-24T11:07:36.454058,12.114.186.125,125,193131,1.617,77.304,119437.848,13,12,flow_54,1,alert_54,0.8832,2025-11-24T17:03:49.454055
2025-11-24T03:52:00.454068,70.126.110.224,1,11401,5.722,0.175,1992.485,0,1,flow_55,0,,,
2025-11-24T13:32:23.454077,55.109.231.8,16,243,4.734,3.38,51.331,0,1,flow_56,0,,,
2025-11-23T20:39:20.454089,20.201.57.19,111,84938,3.971,27.953,21389.574,22,22,flow_57,1,alert_57,0.7358,2025-11-24T17:15:00.454085
2025-11-24T10:59:02.454101,147.148.76.8,66,158062,4.847,13.617,32610.274,19,37,flow_58,1,alert_58,0.7275,2025-11-24T16:54:10.454098
2025-11-24T07:22:40.454110,103.130.242.140,12,15048,3.516,3.413,4279.863,1,1,flow_59,0,,,
2025-11-23T20:41:59.454119,178.32.232.171,6,3436,5.818,1.031,590.581,0,1,flow_60,0,,,
2025-11-23T22:51:12.454128,128.49.142.36,18,17051,8.243,2.184,2068.543,1,3,flow_61,0,,,
2025-11-24T04:50:19.454136,74.105.216.201,1,10676,3.682,0.272,2899.511,2,2,flow_62,0,,,
2025-11-23T17:45:48.454144,224.39.5.39,16,4311,0.675,23.704,6386.667,2,3,flow_63,0,,,
2025-11-24T08:07:44.454158,143.108.251.215,125,82872,1.321,94.625,62734.292,1,28,flow_64,1,alert_64,0.8308,2025-11-24T17:01:50.454155
2025-11-24T00:03:46.454168,209.102.114.145,7,11867,5.453,1.284,2176.233,1,3,flow_65,0,,,
2025-11-24T13:36:35.454178,79.21.24.67,20,15430,7.147,2.798,2158.948,1,2,flow_66,0,,,
2025-11-23T23:46:12.454186,75.87.57.188,18,11626,1.381,13.034,8418.537,1,3,flow_67,0,,,
2025-11-24T00:40:17.454195,237.132.231.118,3,8045,7.471,0.402,1076.83,2,1,flow_68,0,,,
2025-11-24T08:53:07.454207,190.31.14.139,142,49636,0.859,165.308,57783.469,3,5,flow_69,1,alert_69,0.6273,2025-11-24T17:15:18.454204
2025-11-24T08:18:11.454217,186.27.82.25,2,16244,0.216,9.259,75203.704,2,2,flow_70,0,,,
2025-11-24T15:31:56.454228,64.75.169.36,73,54697,3.77,19.363,14508.488,48,25,flow_71,1,alert_71,0.8483,2025-11-24T17:16:28.454225
2025-11-23T18:22:33.454238,140.8.9.25,19,16021,8.455,2.247,1894.855,1,2,flow_72,0,,,
2025-11-23T23:52:18.454246,110.247.34.223,6,7234,9.067,0.662,797.838,0,1,flow_73,0,,,
2025-11-23T18:24:29.454255,240.75.175.33,14,12770,2.977,4.703,4289.553,0,1,flow_74,0,,,
2025-11-24T09:59:50.454266,229.90.85.218,51,117137,4.651,10.965,25185.336,50,41,flow_75,1,alert_75,0.6219,2025-11-24T16:48:41.454263
2025-11-24T09:16:23.454276,127.78.179.227,17,4030,0.545,31.193,7394.495,1,2,flow_76,0,,,
2025-11-24T13:59:51.454286,89.184.166.230,12,3936,3.736,3.212,1053.533,2,2,flow_77,0,,,
2025-11-23T18:16:13.454295,114.229.90.189,7,11185,3.095,2.262,3613.893,1,2,flow_78,0,,,
2025-11-24T08:11:33.454303,67.224.137.232,5,16443,1.162,4.303,14150.602,1,3,flow_79,0,,,
2025-11-24T12:23:58.454312,88.4.7.36,19,1628,3.735,5.087,435.877,0,1,flow_80,0,,,
2025-11-24T11:39:03.454363,121.53.71.180,16,400,6.071,2.635,65.887,2,1,flow_81,0,,,
2025-11-24T00:27:40.454375,111.229.90.9,2,10613,6.858,0.292,1547.536,0,3,flow_82,0,,,
2025-11-24T14:22:01.454384,13.113.109.147,8,17307,7.117,1.124,2431.783,1,2,flow_83,0,,,
2025-11-24T12:20:38.454393,115.159.131.15,19,360,5.607,3.389,64.205,1,3,flow_84,0,,,
2025-11-23T22:24:37.454402,248.5.141.190,20,17051,4.982,4.014,3422.521,0,2,flow_85,0,,,
2025-11-24T13:05:05.454411,16.92.90.104,19,176,4.501,4.221,39.102,2,2,flow_86,0,,,
2025-11-23T20:10:07.454419,211.128.109.143,17,11571,6.305,2.696,1835.21,1,3,flow_87,0,,,
2025-11-24T12:50:23.454428,184.86.253.108,11,16978,6.064,1.814,2799.802,0,2,flow_88,0,,,
2025-11-23T20:07:40.454437,237.38.12.9,17,11353,5.152,3.3,2203.61,1,1,flow_89,0,,,
2025-11-24T06:26:12.454446,64.169.202.93,4,3926,3.764,1.063,1043.039,1,2,flow_90,0,,,
2025-11-24T16:27:07.454454,100.227.149.144,19,19383,0.441,43.084,43952.381,0,2,flow_91,0,,,
2025-11-24T06:59:20.454463,170.106.223.70,9,10354,9.749,0.923,1062.058,0,1,flow_92,0,,,
2025-11-24T02:23:09.454472,67.208.194.47,12,16354,2.129,5.636,7681.541,1,1,flow_93,0,,,
2025-11-24T05:51:31.454481,55.203.114.26,13,12461,4.13,3.148,3017.191,2,3,flow_94,0,,,
2025-11-24T15:38:58.454490,70.145.93.172,7,5420,2.287,3.061,2369.917,1,3,flow_95,0,,,
2025-11-24T16:10:05.454498,247.254.149.137,19,3198,8.865,2.143,360.745,1,1,flow_96,0,,,
2025-11-24T05:36:44.454507,215.27.87.248,5,10824,9.455,0.529,1144.791,2,3,flow_97,0,,,
2025-11-24T06:33:02.454516,113.2.152.75,8,14263,1.012,7.905,14093.874,1,1,flow_98,0,,,
2025-11-24T04:26:36.454524,120.112.191.231,9,4917,6.578,1.368,747.492,2,1,flow_99,0,,,
2025-11-24T16:47:46.454536,224.127.176.37,65,149645,4.512,14.406,33166.002,5,44,flow_100,1,alert_100,0.9165,2025-11-24T16:39:09.454533
2025-11-23T19:04:58.454546,195.147.99.68,5,9214,2.636,1.897,3495.448,2,2,flow_101,0,,,
2025-11-24T08:59:06.454555,19.137.207.17,15,199,3.068,4.889,64.863,2,2,flow_102,0,,,
2025-11-24T05:44:13.454567,2.30.138.158,58,178775,4.359,13.306,41012.847,16,10,flow_103,1,alert_103,0.9347,2025-11-24T17:05:44.454564
2025-11-24T11:30:08.454577,198.184.250.74,16,17166,5.402,2.962,3177.712,1,1,flow_104,0,,,
2025-11-24T12:48:25.454586,121.179.97.58,17,1504,1.074,15.829,1400.372,0,3,flow_105,0,,,
2025-11-23T18:19:32.454595,201.141.145.63,16,2393,7.558,2.117,316.618,2,1,flow_106,0,,,
2025-11-23T18:12:02.454603,199.125.73.130,4,17462,6.938,0.577,2516.864,2,1,flow_107,0,,,
2025-11-24T15:43:15.454612,28.231.150.77,3,12866,5.335,0.562,2411.621,1,2,flow_108,0,,,
2025-11-24T09:38:59.454621,160.127.37.116,15,377,1.362,11.013,276.799,1,3,flow_109,0,,,
2025-11-24T05:18:37.454633,63.178.59.41,54,177646,3.466,15.58,51253.895,20,29,flow_110,1,alert_110,0.6593,2025-11-24T17:22:07.454630
2025-11-24T07:10:12.454643,150.150.110.85,8,1543,3.819,2.095,404.032,1,3,flow_111,0,,,
2025-11-24T14:56:58.454652,43.149.174.5,2,3919,6.08,0.329,644.572,2,3,flow_112,0,,,
2025-11-24T13:23:39.454661,187.240.66.180,4,16381,9.085,0.44,1803.082,1,1,flow_113,0,,,
2025-11-24T04:43:20.454669,139.149.181.183,20,11697,1.093,18.298,10701.738,0,3,flow_114,0,,,
2025-11-24T09:33:43.454678,185.70.97.7,7,3897,9.113,0.768,427.631,1,1,flow_115,0,,,
2025-11-24T12:14:54.454687,103.21.179.197,8,13358,5.708,1.402,2340.224,1,1,flow_116,0,,,
2025-11-23T18:14:51.454696,87.165.245.162,8,12398,0.218,36.697,56871.56,1,2,flow_117,0,,,
2025-11-24T15:23:06.454705,130.71.48.227,8,2546,1.864,4.292,1365.88,2,2,flow_118,0,,,
2025-11-24T03:52:19.454714,248.191.163.74,11,7855,8.838,1.245,888.776,0,1,flow_119,0,,,
2025-11-24T13:56:24.454723,81.182.121.32,19,2010,3.961,4.797,507.448,2,1,flow_120,0,,,
2025-11-23T18:07:23.454732,224.122.27.22,4,17271,8.857,0.452,1949.983,0,3,flow_121,0,,,
2025-11-24T17:01:34.454740,132.161.27.112,15,19675,0.328,45.732,59984.756,1,1,flow_122,0,,,
2025-11-24T08:39:34.454749,9.31.18.93,17,5118,2.323,7.318,2203.186,2,1,flow_123,0,,,
2025-11-24T11:55:45.454758,230.61.159.131,13,10051,9.594,1.355,1047.634,2,2,flow_124,0,,,
2025-11-24T14:01:32.454767,188.241.129.230,10,4977,3.068,3.259,1622.229,0,3,flow_125,0,,,
2025-11-23T19:35:15.454775,225.214.45.252,1,567,4.131,0.242,137.255,0,2,flow_126,0,,,
2025-11-24T15:53:15.454784,93.116.119.21,13,1931,6.844,1.899,282.145,1,3,flow_127,0,,,
2025-11-24T17:19:59.454793,20.110.84.156,10,18492,4.869,2.054,3797.905,1,3,flow_128,0,,,
2025-11-24T02:14:38.454804,241.129.171.8,102,54325,2.395,42.589,22682.672,42,30,flow_129,1,alert_129,0.9873,2025-11-24T16:47:51.454801
2025-11-23T20:41:53.454814,254.200.245.212,7,2981,8.57,0.817,347.841,2,2,flow_130,0,,,
2025-11-24T10:57:15.454838,111.15.251.241,5,785,5.009,0.998,156.718,0,3,flow_131,0,,,
2025-11-24T16:32:23.454852,65.174.50.131,15,17094,4.633,3.238,3689.618,2,1,flow_132,0,,,
2025-11-24T14:59:24.454861,153.128.89.21,1,3780,4.907,0.204,770.328,2,1,flow_133,0,,,
2025-11-24T12:40:23.454870,107.170.60.142,13,8949,5.473,2.375,1635.118,1,1,flow_134,0,,,
2025-11-24T15:57:03.454880,9.225.139.32,13,10963,0.72,18.056,15226.389,0,3,flow_135,0,,,
2025-11-24T05:33:23.454889,232.198.238.27,4,16179,6.796,0.589,2380.665,0,3,flow_136,0,,,
2025-11-24T15:43:23.454898,91.84.38.194,15,3104,1.351,11.103,2297.557,2,2,flow_137,0,,,
2025-11-24T12:02:53.454907,221.74.247.108,15,15944,6.712,2.235,2375.447,2,3,flow_138,0,,,
2025-11-24T13:27:39.454916,113.107.186.127,7,203,5.732,1.221,35.415,2,1,flow_139,0,,,
2025-11-23T19:10:25.454925,195.147.150.119,7,18505,3.205,2.184,5773.791,1,2,flow_140,0,,,
2025-11-24T15:43:36.454933,12.132.38.21,14,7002,4.235,3.306,1653.365,1,2,flow_141,0,,,
2025-11-24T02:56:47.454942,175.126.194.103,18,18302,2.097,8.584,8727.706,2,1,flow_142,0,,,
2025-11-23T19:49:41.454954,172.210.110.12,140,88760,4.078,34.331,21765.571,17,23,flow_143,1,alert_143,0.8866,2025-11-24T17:10:28.454950
2025-11-23T20:37:11.454964,135.246.30.80,6,9064,7.263,0.826,1247.969,2,2,flow_144,0,,,
2025-11-23T23:47:31.454973,194.134.41.16,14,4675,3.843,3.643,1216.498,0,1,flow_145,0,,,
2025-11-24T14:41:31.454984,209.19.8.63,200,100323,4.37,45.767,22957.208,36,26,flow_146,1,alert_146,0.717,2025-11-24T16:42:50.454981
2025-11-24T02:39:14.454994,206.23.190.133,16,14029,4.992,3.205,2810.296,2,3,flow_147,0,,,
2025-11-24T06:23:39.455002,10.123.234.152,20,18775,4.753,4.208,3950.137,2,1,flow_148,0,,,
2025-11-24T05:06:20.455011,208.156.81.203,18,13510,6.063,2.969,2228.27,2,1,flow_149,0,,,
2025-11-24T16:19:38.455020,159.214.38.105,2,9442,1.794,1.115,5263.099,2,1,flow_150,0,,,
2025-11-24T01:44:43.455028,191.219.196.24,15,10362,1.359,11.038,7624.724,0,1,flow_151,0,,,
2025-11-24T11:03:33.455040,33.138.161.108,66,136011,1.099,60.055,123758.872,23,26,flow_152,1,alert_152,0.9845,2025-11-24T17:13:06.455037
2025-11-24T13:59:35.455050,207.108.166.134,8,15575,2.271,3.523,6858.212,1,3,flow_153,0,,,
2025-11-24T12:18:32.455058,117.119.51.151,16,4552,2.705,5.915,1682.81,0,1,flow_154,0,,,
2025-11-24T05:14:34.455067,103.197.131.46,1,9302,9.327,0.107,997.32,1,3,flow_155,0,,,
2025-11-24T16:40:50.455076,218.83.6.241,3,18009,0.733,4.093,24568.895,2,2,flow_156,0,,,
2025-11-24T09:09:45.455085,117.185.123.196,13,16828,6.866,1.893,2450.918,1,1,flow_157,0,,,
2025-11-23T22:34:30.455093,114.129.110.198,20,13198,8.405,2.38,1570.256,2,2,flow_158,0,,,
2025-11-24T15:25:15.455102,118.59.3.16,17,465,3.928,4.328,118.381,2,3,flow_159,0,,,
2025-11-24T11:55:40.455113,77.164.41.1,92,179588,3.474,26.482,51694.876,20,21,flow_160,1,alert_160,0.7318,2025-11-24T16:51:41.455110
2025-11-23T19:43:19.455125,27.43.223.211,102,65276,4.344,23.481,15026.703,39,43,flow_161,1,alert_161,0.6709,2025-11-24T16:41:16.455122
2025-11-24T16:18:34.455134,235.87.165.66,11,454,1.193,9.22,380.553,0,3,flow_162,0,,,
2025-11-24T08:40:59.455143,159.197.89.155,6,13794,9.923,0.605,1390.104,1,3,flow_163,0,,,
2025-11-24T13:30:05.455151,120.91.249.223,19,10277,8.931,2.127,1150.711,1,2,flow_164,0,,,
2025-11-24T14:14:49.455160,162.164.17.89,18,11294,3.173,5.673,3559.408,0,3,flow_165,0,,,
2025-11-24T16:13:02.455168,21.13.243.57,19,4566,5.877,3.233,776.927,0,3,flow_166,0,,,
2025-11-24T16:34:36.455177,176.136.47.231,9,12403,6.417,1.403,1932.835,2,2,flow_167,0,,,
2025-11-23T19:34:48.455185,46.178.177.191,3,2956,4.553,0.659,649.242,2,1,flow_168,0,,,
2025-11-23T20:32:55.455227,108.97.107.53,16,8644,7.624,2.099,1133.788,0,2,flow_169,0,,,
2025-11-24T00:36:48.455239,64.25.60.25,4,1583,9.787,0.409,161.745,2,3,flow_170,0,,,
2025-11-23T17:37:11.455249,165.40.249.60,19,16142,0.893,21.277,18076.148,0,2,flow_171,0,,,
2025-11-23T21:24:45.455259,136.123.79.60,19,15940,3.907,4.863,4079.857,2,3,flow_172,0,,,
2025-11-23T17:47:45.455267,142.66.121.223,5,10494,7.972,0.627,1316.357,0,3,flow_173,0,,,
2025-11-24T05:13:17.455279,242.26.183.182,145,125646,4.423,32.783,28407.416,49,6,flow_174,1,alert_174,0.9244,2025-11-24T17:23:06.455276
2025-11-24T10:35:03.455292,217.15.138.154,67,25989,4.057,16.515,6405.965,43,44,flow_175,1,alert_175,0.6156,2025-11-24T16:40:17.455289
2025-11-24T05:21:15.455305,106.208.11.177,118,190319,3.768,31.316,50509.289,27,48,flow_176,1,alert_176,0.7267,2025-11-24T17:08:46.455302
2025-11-24T16:51:29.455315,147.248.148.17,9,19116,0.712,12.64,26848.315,0,2,flow_177,0,,,
2025-11-24T04:38:32.455324,137.5.41.213,1,3119,4.248,0.235,734.228,1,1,flow_178,0,,,
2025-11-23T20:16:56.455333,140.125.0.160,11,7480,9.819,1.12,761.788,2,3,flow_179,0,,,
2025-11-24T02:45:02.455342,173.146.203.80,2,13333,2.118,0.944,6295.09,2,1,flow_180,0,,,
2025-11-24T07:12:45.455351,205.199.128.98,11,560,4.503,2.443,124.362,2,3,flow_181,0,,,
2025-11-24T06:04:41.455359,163.70.107.111,7,2781,3.477,2.013,799.827,2,3,flow_182,0,,,
2025-11-24T09:35:16.455370,49.18.47.196,114,29021,1.585,71.924,18309.779,19,12,flow_183,1,alert_183,0.6177,2025-11-24T17:12:47.455367
2025-11-23T17:58:00.455380,26.215.88.223,8,4621,2.689,2.975,1718.483,0,3,flow_184,0,,,
2025-11-23T19:41:59.455390,52.209.151.106,155,104265,3.783,40.973,27561.459,38,36,flow_185,1,alert_185,0.6066,2025-11-24T17:24:11.455388
2025-11-24T05:29:48.455400,220.12.111.98,1,18476,8.537,0.117,2164.226,2,3,flow_186,0,,,
2025-11-24T14:01:31.455409,45.103.157.223,10,14912,3.693,2.708,4037.91,2,2,flow_187,0,,,
2025-11-23T22:22:31.455417,222.2.157.104,11,9163,6.245,1.761,1467.254,1,3,flow_188,0,,,
2025-11-24T00:44:37.455426,156.184.37.165,5,10377,4.64,1.078,2236.422,0,2,flow_189,0,,,
2025-11-23T23:11:58.455434,218.127.118.123,15,7134,1.316,11.398,5420.973,1,3,flow_190,0,,,
2025-11-23T23:45:47.455443,150.0.203.72,10,3122,8.963,1.116,348.321,0,3,flow_191,0,,,
2025-11-23T19:12:21.455454,54.14.210.32,54,34058,2.054,26.29,16581.305,27,14,flow_192,1,alert_192,0.9062,2025-11-24T17:07:30.455451
2025-11-24T07:39:47.455463,57.126.50.155,7,4356,0.577,12.132,7549.393,1,1,flow_193,0,,,
2025-11-24T05:27:03.455472,173.242.145.225,19,2366,5.258,3.614,449.981,2,1,flow_194,0,,,
2025-11-24T17:22:29.455481,125.26.162.223,19,14586,0.166,114.458,87867.47,1,2,flow_195,0,,,
2025-11-24T13:33:01.455491,163.102.93.94,195,144311,3.785,51.519,38127.081,43,42,flow_196,1,alert_196,0.951,2025-11-24T17:23:34.455488
2025-11-24T15:40:41.455501,28.66.198.25,19,814,6.435,2.953,126.496,0,1,flow_197,0,,,
2025-11-24T05:21:40.455509,185.163.199.134,7,1463,4.23,1.655,345.863,1,3,flow_198,0,,,
2025-11-24T01:29:01.455517,232.84.83.26,7,6638,3.214,2.178,2065.339,2,1,flow_199,0,,,
2025-11-24T03:44:53.455526,92.153.87.162,6,11420,0.46,13.043,24826.087,0,1,flow_200,0,,,
2025-11-24T14:01:08.455535,130.213.240.173,9,14306,2.748,3.275,5205.968,1,1,flow_201,0,,,
2025-11-23T21:28:06.455543,71.21.154.231,7,14792,1.384,5.058,10687.861,0,3,flow_202,0,,,
2025-11-24T03:57:38.455552,22.55.45.50,2,18071,7.707,0.26,2344.752,1,1,flow_203,0,,,
2025-11-24T03:48:13.455561,60.212.212.1,9,3035,9.888,0.91,306.938,2,1,flow_204,0,,,
2025-11-23T18:04:43.455569,6.36.191.153,5,12554,1.88,2.66,6677.66,2,1,flow_205,0,,,
2025-11-23T23:51:32.455578,64.77.211.189,12,12566,1.103,10.879,11392.566,2,2,flow_206,0,,,
2025-11-23T22:11:55.455587,77.192.74.21,8,17490,1.168,6.849,14974.315,2,3,flow_207,0,,,
2025-11-23T21:43:10.455596,113.173.148.122,13,2939,9.974,1.303,294.666,0,2,flow_208,0,,,
2025-11-23T21:55:35.455604,164.39.216.51,16,691,0.475,33.684,1454.737,1,1,flow_209,0,,,
2025-11-24T10:32:11.455613,95.21.20.32,3,12163,5.914,0.507,2056.645,0,1,flow_210,0,,,
2025-11-23T19:22:15.455621,41.172.210.236,10,17868,1.224,8.17,14598.039,2,1,flow_211,0,,,
2025-11-24T02:09:06.455630,76.62.217.192,12,7430,8.989,1.335,826.566,1,3,flow_212,0,,,
2025-11-23T18:09:23.455641,93.115.64.223,88,40070,4.822,18.25,8309.83,15,25,flow_213,1,alert_213,0.6143,2025-11-24T16:50:49.455638
2025-11-24T05:55:27.455650,44.245.196.134,20,5130,6.095,3.281,841.674,0,2,flow_214,0,,,
2025-11-24T06:43:27.455659,250.78.177.218,15,8241,7.322,2.049,1125.512,2,3,flow_215,0,,,
2025-11-24T02:24:13.455668,42.226.247.68,1,16519,1.688,0.592,9786.137,2,1,flow_216,0,,,
2025-11-24T10:02:25.455679,229.142.53.62,147,61874,4.37,33.638,14158.81,26,39,flow_217,1,alert_217,0.711,2025-11-24T16:52:25.455676
2025-11-24T15:57:47.455688,97.81.133.64,18,17759,4.699,3.831,3779.315,1,1,flow_218,0,,,
2025-11-23T19:03:57.455697,121.168.219.198,2,16411,0.999,2.002,16427.427,2,1,flow_219,0,,,
2025-11-24T01:13:38.455708,197.181.155.61,65,80162,3.038,21.396,26386.438,26,45,flow_220,1,alert_220,0.8446,2025-11-24T16:59:23.455705
2025-11-24T16:45:26.455720,105.27.17.58,167,178549,4.779,34.945,37361.163,44,15,flow_221,1,alert_221,0.6956,2025-11-24T16:31:41.455717
2025-11-23T23:04:35.455730,74.55.232.188,3,5687,9.666,0.31,588.351,1,3,flow_222,0,,,
2025-11-24T12:25:04.455739,105.73.105.109,15,12159,9.77,1.535,1244.524,2,1,flow_223,0,,,
2025-11-23T20:05:29.455747,20.71.1.105,1,19347,5.788,0.173,3342.605,1,3,flow_224,0,,,
2025-11-24T15:19:18.455756,203.231.163.29,6,3760,5.352,1.121,702.541,1,1,flow_225,0,,,
2025-11-24T07:08:07.455764,160.138.107.119,9,13996,4.649,1.936,3010.54,1,1,flow_226,0,,,
2025-11-24T11:33:45.455773,167.107.69.245,18,7707,8.377,2.149,920.019,1,2,flow_227,0,,,
2025-11-24T03:40:45.455781,252.92.181.130,11,18623,1.499,7.338,12423.616,2,1,flow_228,0,,,
2025-11-24T01:57:15.455790,41.235.195.95,10,12042,3.271,3.057,3681.443,1,2,flow_229,0,,,
2025-11-24T04:55:18.455798,173.58.203.173,14,7757,2.707,5.172,2865.534,0,1,flow_230,0,,,
2025-11-23T18:44:29.455806,199.209.134.253,1,7718,6.534,0.153,1181.206,0,1,flow_231,0,,,
2025-11-23T19:46:31.455815,77.34.172.15,11,4719,0.193,56.995,24450.777,1,3,flow_232,0,,,
2025-11-24T14:50:54.455837,158.197.161.5,1,1503,1.099,0.91,1367.607,0,1,flow_233,0,,,
2025-11-24T03:06:13.455850,146.184.163.207,5,9871,1.221,4.095,8084.357,2,2,flow_234,0,,,
2025-11-24T16:07:18.455862,230.208.196.24,137,72592,3.095,44.265,23454.604,42,47,flow_235,1,alert_235,0.8664,2025-11-24T16:49:54.455859
2025-11-24T04:57:21.455873,13.147.223.178,5,11874,6.64,0.753,1788.253,2,1,flow_236,0,,,
2025-11-24T07:45:30.455881,242.233.247.38,14,17236,1.121,12.489,15375.558,1,2,flow_237,0,,,
2025-11-24T08:14:51.455890,212.61.102.29,6,17279,3.073,1.952,5622.844,1,3,flow_238,0,,,
2025-11-23T18:07:37.455898,234.82.219.104,8,4925,4.124,1.94,1194.229,1,1,flow_239,0,,,
2025-11-23T23:18:17.455907,3.15.116.72,3,16505,8.61,0.348,1916.957,0,3,flow_240,0,,,
2025-11-24T14:11:51.455916,23.249.47.169,12,13783,4.909,2.444,2807.7,2,3,flow_241,0,,,
2025-11-23T23:29:54.455924,161.206.240.174,13,15931,8.424,1.543,1891.144,1,3,flow_242,0,,,
2025-11-23T21:11:34.455933,38.120.47.128,3,15448,3.987,0.752,3874.592,1,3,flow_243,0,,,
2025-11-24T05:36:25.455944,140.160.199.25,134,23707,1.791,74.819,13236.739,40,10,flow_244,1,alert_244,0.6356,2025-11-24T16:41:13.455941
2025-11-24T01:54:19.455954,220.134.62.82,16,15750,5.289,3.025,2977.879,1,3,flow_245,0,,,
2025-11-23T18:18:30.455962,175.50.88.110,15,13933,8.469,1.771,1645.177,2,3,flow_246,0,,,
2025-11-24T06:55:53.455971,52.234.124.65,13,16339,5.39,2.412,3031.354,0,1,flow_247,0,,,
2025-11-23T20:21:31.455983,212.127.53.232,98,78841,0.898,109.131,87796.214,15,41,flow_248,1,alert_248,0.699,2025-11-24T16:35:09.455979
2025-11-24T07:40:35.455992,17.224.174.156,17,10266,3.676,4.625,2792.709,2,3,flow_249,0,,,
2025-11-24T08:16:02.456001,126.195.70.226,18,17177,9.412,1.912,1825.011,1,3,flow_250,0,,,
2025-11-24T02:39:34.456009,193.184.158.50,8,13207,4.091,1.956,3228.306,2,1,flow_251,0,,,
2025-11-24T15:12:19.456018,155.97.80.215,18,15972,8.739,2.06,1827.669,1,3,flow_252,0,,,
2025-11-24T06:51:50.456054,142.108.98.245,13,488,3.628,3.583,134.509,1,1,flow_253,0,,,
2025-11-23T21:17:08.456069,34.51.159.222,8,18164,9.882,0.81,1838.089,0,2,flow_254,0,,,
2025-11-24T07:25:53.456083,94.75.42.194,98,191209,2.381,41.159,80306.174,28,31,flow_255,1,alert_255,0.9779,2025-11-24T16:45:11.456079
2025-11-23T23:49:28.456096,117.11.40.16,136,129394,1.817,74.849,71212.988,42,48,flow_256,1,alert_256,0.8327,2025-11-24T16:39:47.456093
2025-11-24T10:13:44.456107,219.216.242.32,9,15054,6.19,1.454,2431.987,2,3,flow_257,0,,,
2025-11-24T04:17:37.456117,23.1.151.46,17,9374,8.038,2.115,1166.211,2,1,flow_258,0,,,
2025-11-24T14:25:37.456126,18.19.53.190,3,4326,8.221,0.365,526.213,2,1,flow_259,0,,,
2025-11-24T04:31:59.456136,204.163.60.93,20,8689,7.221,2.77,1203.296,0,3,flow_260,0,,,
2025-11-24T06:00:32.456145,192.141.187.109,10,18815,5.699,1.755,3301.456,0,2,flow_261,0,,,
2025-11-24T01:50:50.456154,184.181.96.136,18,10818,8.208,2.193,1317.982,0,1,flow_262,0,,,
2025-11-24T04:38:26.456166,86.76.22.183,197,116706,4.14,47.585,28189.855,12,10,flow_263,1,alert_263,0.8432,2025-11-24T16:46:48.456163
2025-11-24T14:07:42.456176,97.90.20.61,20,19396,9.551,2.094,2030.782,1,2,flow_264,0,,,
2025-11-24T12:19:46.456185,82.194.174.165,12,4159,2.951,4.066,1409.353,0,2,flow_265,0,,,
2025-11-24T05:20:33.456194,93.190.173.5,15,13834,0.565,26.549,24484.956,0,2,flow_266,0,,,
2025-11-23T22:42:18.456203,169.253.183.135,1,12541,6.713,0.149,1868.166,0,3,flow_267,0,,,
2025-11-24T11:04:32.456211,49.136.146.233,13,5433,6.298,2.064,862.655,1,3,flow_268,0,,,
2025-11-23T18:18:54.456220,63.173.217.180,9,3963,7.693,1.17,515.144,2,3,flow_269,0,,,
2025-11-23T20:01:43.456228,28.40.237.104,16,11108,2.542,6.294,4369.788,2,2,flow_270,0,,,
2025-11-24T07:11:24.456237,85.121.172.249,5,10582,9.819,0.509,1077.706,1,3,flow_271,0,,,
2025-11-24T16:32:22.456248,113.145.122.190,180,84944,3.011,59.781,28211.226,12,6,flow_272,1,alert_272,0.8598,2025-11-24T16:47:55.456245
2025-11-23T21:05:58.456258,129.137.191.173,10,6092,5.998,1.667,1015.672,1,2,flow_273,0,,,
2025-11-23T21:10:06.456269,137.38.150.135,134,67961,3.093,43.324,21972.519,23,31,flow_274,1,alert_274,0.6837,2025-11-24T16:55:27.456266
2025-11-24T00:15:46.456279,195.108.183.5,1,263,2.095,0.477,125.537,0,2,flow_275,0,,,
2025-11-24T09:57:38.456288,194.86.183.88,15,11466,2.46,6.098,4660.976,0,3,flow_276,0,,,
2025-11-23T20:34:45.456297,33.144.96.30,5,8670,3.287,1.521,2637.664,1,2,flow_277,0,,,
2025-11-24T07:30:58.456305,152.247.46.72,16,17636,9.037,1.77,1951.533,2,1,flow_278,0,,,
2025-11-24T08:34:32.456314,224.17.253.93,13,18313,8.884,1.463,2061.346,2,1,flow_279,0,,,
2025-11-23T19:22:56.456325,142.213.15.77,104,88599,2.864,36.313,30935.405,38,28,flow_280,1,alert_280,0.8521,2025-11-24T17:02:26.456322
2025-11-24T07:50:06.456338,76.191.182.44,195,113852,4.987,39.102,22829.757,49,33,flow_281,1,alert_281,0.8772,2025-11-24T17:11:44.456335
2025-11-23T22:10:21.456348,178.12.161.106,9,12522,3.778,2.382,3314.452,2,1,flow_282,0,,,
2025-11-23T23:33:37.456356,155.114.207.161,20,6265,7.318,2.733,856.108,0,1,flow_283,0,,,
2025-11-24T08:40:42.456367,118.233.236.80,166,31568,1.124,147.687,28085.409,25,30,flow_284,1,alert_284,0.666,2025-11-24T17:18:19.456364
2025-11-24T01:21:09.456377,50.8.140.231,10,18977,4.285,2.334,4428.705,0,3,flow_285,0,,,
2025-11-24T15:10:03.456386,35.21.25.126,19,10624,9.678,1.963,1097.747,1,3,flow_286,0,,,
2025-11-23T20:00:00.456397,24.44.165.183,160,181342,0.657,243.531,276015.221,38,24,flow_287,1,alert_287,0.9256,2025-11-24T16:53:28.456394
2025-11-23T19:18:56.456407,174.122.16.134,12,5286,5.014,2.393,1054.248,0,2,flow_288,0,,,
2025-11-24T15:24:02.456415,151.189.196.39,12,9244,3.786,3.17,2441.627,2,2,flow_289,0,,,
2025-11-24T08:50:04.456424,23.55.1.213,15,18886,7.282,2.06,2593.518,0,1,flow_290,0,,,
2025-11-24T09:57:15.456432,87.233.132.55,5,15606,1.522,3.285,10253.614,1,1,flow_291,0,,,
2025-11-24T07:20:17.456444,20.77.36.167,62,128698,4.884,12.695,26350.942,23,50,flow_292,1,alert_292,0.7446,2025-11-24T17:07:09.456441
2025-11-23T20:58:26.456453,38.97.48.46,4,16694,3.46,1.156,4824.855,0,2,flow_293,0,,,
2025-11-24T08:02:25.456462,35.84.179.108,7,2564,3.301,2.121,776.734,1,1,flow_294,0,,,
2025-11-24T16:24:32.456471,133.141.163.145,15,12161,0.52,28.846,23386.538,1,2,flow_295,0,,,
2025-11-24T12:56:41.456482,131.222.23.194,188,120461,3.234,58.132,37248.299,45,28,flow_296,1,alert_296,0.619,2025-11-24T17:19:13.456479
2025-11-24T16:57:16.456491,240.83.214.199,14,12524,9.012,1.553,1389.703,1,1,flow_297,0,,,
2025-11-24T03:02:57.456503,20.241.83.135,57,118302,0.846,67.376,139836.879,6,33,flow_298,1,alert_298,0.7953,2025-11-24T16:57:51.456500
2025-11-24T08:17:48.456515,248.169.219.12,73,126902,1.989,36.702,63801.911,16,29,flow_299,1,alert_299,0.6354,2025-11-24T16:53:21.456512
2025-11-23T18:38:17.456527,160.214.99.145,175,101985,1.986,88.117,51351.964,5,43,flow_300,1,alert_300,0.7989,2025-11-24T16:28:47.456524
2025-11-24T10:54:08.456537,79.23.217.120,4,1993,0.672,5.952,2965.774,0,1,flow_301,0,,,
2025-11-24T00:14:32.456545,64.105.208.191,15,666,8.905,1.684,74.789,2,2,flow_302,0,,,
2025-11-23T21:07:01.456554,210.99.207.70,8,3756,5.096,1.57,737.049,0,2,flow_303,0,,,
2025-11-24T15:09:47.456565,146.235.219.152,171,128441,3.19,53.605,40263.636,34,18,flow_304,1,alert_304,0.6857,2025-11-24T16:56:26.456562
2025-11-23T18:50:08.456575,137.116.221.237,18,11114,3.008,5.984,3694.814,2,3,flow_305,0,,,
2025-11-24T10:49:56.456583,252.241.207.146,3,14788,9.475,0.317,1560.739,2,2,flow_306,0,,,
2025-11-23T18:45:40.456592,245.236.219.201,19,8872,5.663,3.355,1566.661,1,3,flow_307,0,,,
2025-11-24T04:40:15.456601,163.42.6.139,6,15092,8.729,0.687,1728.949,0,3,flow_308,0,,,
2025-11-24T06:32:22.456610,221.130.121.136,19,16079,0.669,28.401,24034.38,1,1,flow_309,0,,,
2025-11-24T15:28:14.456618,54.167.191.108,16,8042,3.969,4.031,2026.203,0,2,flow_310,0,,,
2025-11-23T20:36:45.456627,165.218.224.242,1,4840,7.7,0.13,628.571,0,1,flow_311,0,,,
2025-11-24T08:00:01.456635,126.146.205.68,2,16126,7.679,0.26,2100.013,2,3,flow_312,0,,,
2025-11-24T08:25:10.456644,254.175.98.245,9,9525,0.134,67.164,71082.09,2,3,flow_313,0,,,
2025-11-24T11:07:06.456652,241.138.134.179,5,1255,0.731,6.84,1716.826,1,1,flow_314,0,,,
2025-11-24T11:24:19.456661,163.145.96.31,13,14382,4.752,2.736,3026.515,0,2,flow_315,0,,,
2025-11-24T15:44:10.456670,170.18.31.6,9,8544,6.944,1.296,1230.415,0,3,flow_316,0,,,
2025-11-23T21:56:28.456679,71.33.122.38,12,14674,8.013,1.498,1831.274,2,3,flow_317,0,,,
2025-11-24T05:42:14.456688,183.120.138.32,16,8818,5.393,2.967,1635.083,1,1,flow_318,0,,,
2025-11-23T23:06:00.456696,133.124.180.209,20,11786,7.489,2.671,1573.775,0,1,flow_319,0,,,
2025-11-24T16:54:30.456705,133.54.65.187,5,11850,4.626,1.081,2561.608,0,3,flow_320,0,,,
2025-11-24T05:05:26.456716,218.237.23.147,84,112708,1.989,42.232,56665.661,36,47,flow_321,1,alert_321,0.7666,2025-11-24T16:53:32.456713
2025-11-24T08:17:29.456728,55.230.154.65,191,129768,2.805,68.093,46263.102,23,50,flow_322,1,alert_322,0.7689,2025-11-24T16:36:55.456726
2025-11-24T10:13:40.456738,246.232.111.111,18,3463,1.237,14.551,2799.515,1,1,flow_323,0,,,
2025-11-24T10:15:33.456747,45.66.65.139,4,3349,1.567,2.553,2137.205,0,3,flow_324,0,,,
2025-11-24T12:22:47.456755,228.56.58.223,12,11454,7.595,1.58,1508.097,0,1,flow_325,0,,,
2025-11-24T12:28:51.456764,122.52.74.229,19,4049,9.457,2.009,428.148,1,3,flow_326,0,,,
2025-11-24T14:22:47.456772,222.149.16.249,18,1667,6.523,2.759,255.557,1,3,flow_327,0,,,
2025-11-24T17:01:15.456781,89.253.80.82,16,4002,5.17,3.095,774.081,0,1,flow_328,0,,,
2025-11-24T13:40:56.456789,45.188.168.45,12,14655,4.443,2.701,3298.447,0,1,flow_329,0,,,
2025-11-23T22:55:54.456798,234.89.152.222,5,6547,9.528,0.525,687.133,1,2,flow_330,0,,,
2025-11-24T09:35:42.456806,179.146.16.250,20,2731,2.153,9.289,1268.463,1,1,flow_331,0,,,
2025-11-24T00:30:38.456815,83.148.4.111,11,428,8.765,1.255,48.831,1,3,flow_332,0,,,
2025-11-24T13:13:34.456837,186.207.151.78,16,1388,8.735,1.832,158.901,0,3,flow_333,0,,,
2025-11-23T17:39:05.456853,24.45.211.110,135,51348,3.537,38.168,14517.388,18,24,flow_334,1,alert_334,0.6751,2025-11-24T16:33:53.456849
2025-11-24T17:07:10.456889,53.148.121.28,16,8933,8.653,1.849,1032.359,2,2,flow_335,0,,,
2025-11-23T20:37:27.456904,70.19.72.87,20,8076,6.693,2.988,1206.634,0,1,flow_336,0,,,
2025-11-23T20:21:07.456915,226.20.214.187,11,6699,0.774,14.212,8655.039,1,3,flow_337,0,,,
2025-11-24T09:43:30.456925,33.10.158.248,7,15107,8.901,0.786,1697.225,2,2,flow_338,0,,,
2025-11-23T19:25:27.456934,205.163.79.30,18,11558,7.813,2.304,1479.329,2,3,flow_339,0,,,
2025-11-24T11:16:01.456943,95.183.23.230,6,3155,8.655,0.693,364.529,2,3,flow_340,0,,,
2025-11-24T07:25:55.456953,250.159.196.215,12,3786,2.64,4.545,1434.091,2,2,flow_341,0,,,
2025-11-24T11:04:43.456961,12.141.145.2,11,12392,1.894,5.808,6542.767,2,3,flow_342,0,,,
2025-11-24T08:30:55.456971,223.56.174.106,5,16587,5.877,0.851,2822.358,0,1,flow_343,0,,,
2025-11-23T20:15:42.456980,147.156.109.247,11,3408,8.139,1.352,418.725,1,2,flow_344,0,,,
2025-11-24T17:05:20.456988,64.138.240.246,20,3840,4.023,4.971,954.512,1,3,flow_345,0,,,
2025-11-24T05:31:23.456997,140.190.126.118,9,15821,1.638,5.495,9658.73,0,2,flow_346,0,,,
2025-11-24T11:36:05.457010,59.255.19.227,149,32549,0.978,152.352,33281.186,8,17,flow_347,1,alert_347,0.7697,2025-11-24T17:24:55.457006
2025-11-24T12:49:51.457020,235.229.218.172,14,9413,9.723,1.44,968.117,0,1,flow_348,0,,,
2025-11-24T05:25:06.457029,108.243.124.180,2,16887,6.008,0.333,2810.752,1,2,flow_349,0,,,
2025-11-24T13:33:32.457038,8.203.188.63,6,5045,8.781,0.683,574.536,0,2,flow_350,0,,,
2025-11-24T02:04:39.457047,101.215.48.253,20,19288,1.891,10.576,10199.894,1,3,flow_351,0,,,
2025-11-24T16:17:00.457056,20.208.106.143,19,11128,4.634,4.1,2401.381,0,2,flow_352,0,,,
2025-11-24T08:12:36.457065,232.48.108.216,15,3681,7.148,2.098,514.969,0,1,flow_353,0,,,
2025-11-24T08:24:59.457073,31.120.50.114,20,1504,5.259,3.803,285.986,1,3,flow_354,0,,,
2025-11-24T04:53:17.457082,4.125.78.153,5,3402,5.871,0.852,579.458,2,3,flow_355,0,,,
2025-11-23T18:11:21.457091,121.255.108.202,1,18997,6.275,0.159,3027.41,0,3,flow_356,0,,,
2025-11-24T02:35:54.457100,24.143.135.146,19,18651,1.694,11.216,11010.035,0,3,flow_357,0,,,
2025-11-24T10:31:19.457112,115.92.89.41,142,178224,0.736,192.935,242152.174,42,49,flow_358,1,alert_358,0.9378,2025-11-24T16:43:34.457109
2025-11-24T16:54:18.457122,17.245.10.196,20,18436,7.131,2.805,2585.332,2,3,flow_359,0,,,
2025-11-24T02:40:37.457133,197.34.21.153,149,167023,4.828,30.862,34594.656,43,21,flow_360,1,alert_360,0.7609,2025-11-24T17:21:50.457130
2025-11-24T00:12:24.457146,71.95.223.101,134,20998,2.944,45.516,7132.473,17,29,flow_361,1,alert_361,0.733,2025-11-24T17:20:00.457143
2025-11-24T07:44:36.457156,188.217.86.186,14,18673,3.379,4.143,5526.191,1,2,flow_362,0,,,
2025-11-23T21:28:50.457165,86.13.120.26,19,17428,5.492,3.46,3173.343,0,2,flow_363,0,,,
2025-11-24T05:01:02.457174,181.253.85.139,20,17410,4.83,4.141,3604.555,2,1,flow_364,0,,,
2025-11-23T21:57:51.457182,185.158.232.82,10,699,2.623,3.812,266.489,0,3,flow_365,0,,,
2025-11-23T22:51:38.457191,3.26.3.114,10,8300,2.403,4.161,3454.016,2,1,flow_366,0,,,
2025-11-23T18:55:28.457200,250.10.217.60,17,1208,0.768,22.135,1572.917,1,3,flow_367,0,,,
2025-11-24T11:43:08.457208,205.167.206.46,11,17304,8.121,1.355,2130.772,0,3,flow_368,0,,,
2025-11-24T01:26:26.457217,28.19.249.134,13,17533,3.799,3.422,4615.162,0,1,flow_369,0,,,
2025-11-24T02:14:43.457225,111.232.88.180,10,9599,1.593,6.277,6025.738,2,3,flow_370,0,,,
2025-11-24T05:07:44.457234,187.139.49.56,15,3077,5.425,2.765,567.189,1,1,flow_371,0,,,
2025-11-24T05:08:46.457243,115.147.198.71,17,16625,3.746,4.538,4438.067,2,3,flow_372,0,,,
2025-11-24T11:43:42.457252,136.125.10.90,18,6558,1.75,10.286,3747.429,0,2,flow_373,0,,,
2025-11-24T08:44:22.457261,101.249.89.139,1,10302,2.85,0.351,3614.737,1,3,flow_374,0,,,
2025-11-24T04:01:33.457270,24.26.254.247,17,5513,2.972,5.72,1854.98,1,3,flow_375,0,,,
2025-11-24T08:47:51.457279,34.51.149.97,9,13022,4.402,2.045,2958.201,0,2,flow_376,0,,,
2025-11-24T08:44:51.457287,75.48.248.151,4,378,9.12,0.439,41.447,0,3,flow_377,0,,,
2025-11-23T19:26:32.457296,181.144.199.170,14,5985,7.734,1.81,773.856,2,1,flow_378,0,,,
2025-11-24T11:21:18.457305,39.227.153.85,18,19039,5.705,3.155,3337.248,1,3,flow_379,0,,,
2025-11-24T13:11:29.457317,184.64.235.8,139,36780,2.246,61.888,16375.779,7,18,flow_380,1,alert_380,0.6933,2025-11-24T16:25:47.457313
2025-11-23T17:47:25.457326,82.234.179.218,12,4072,1.95,6.154,2088.205,0,3,flow_381,0,,,
2025-11-24T11:00:53.457335,163.70.3.250,5,19511,8.447,0.592,2309.814,0,1,flow_382,0,,,
2025-11-24T08:26:12.457344,59.48.106.162,17,10227,3.364,5.054,3040.131,1,3,flow_383,0,,,
2025-11-24T06:58:50.457355,122.21.158.172,149,114119,4.238,35.158,26927.56,14,41,flow_384,1,alert_384,0.9208,2025-11-24T17:01:06.457352
2025-11-24T00:45:15.457368,111.32.149.251,195,108672,1.448,134.669,75049.724,18,19,flow_385,1,alert_385,0.8055,2025-11-24T16:48:39.457365
2025-11-23T17:28:55.457378,96.183.70.248,1,17277,6.42,0.156,2691.121,2,2,flow_386,0,,,
2025-11-24T14:45:03.457387,120.71.7.225,10,18091,1.866,5.359,9695.07,0,3,flow_387,0,,,
2025-11-23T21:43:33.457395,180.120.143.14,18,13053,7.528,2.391,1733.927,1,3,flow_388,0,,,
2025-11-24T10:45:17.457404,29.89.240.59,13,5117,7.319,1.776,699.139,1,1,flow_389,0,,,
2025-11-24T03:37:16.457413,7.166.223.163,3,16037,2.493,1.203,6432.812,2,1,flow_390,0,,,
2025-11-24T11:03:38.457425,8.125.3.73,56,41059,2.991,18.723,13727.516,19,31,flow_391,1,alert_391,0.6654,2025-11-24T17:17:34.457422
2025-11-24T15:19:35.457437,160.126.148.222,62,174979,4.482,13.833,39040.384,26,49,flow_392,1,alert_392,0.7904,2025-11-24T17:23:10.457434
2025-11-24T05:52:17.457446,117.152.190.254,5,11513,4.344,1.151,2650.322,2,3,flow_393,0,,,
2025-11-24T12:40:56.457455,222.202.10.82,4,19594,9.575,0.418,2046.371,0,2,flow_394,0,,,
2025-11-24T02:03:13.457464,172.54.143.122,6,12841,6.483,0.925,1980.719,0,1,flow_395,0,,,
2025-11-23T22:42:03.457473,173.141.98.71,19,1785,6.718,2.828,265.704,0,3,flow_396,0,,,
2025-11-23T23:39:46.457481,116.85.1.183,10,10327,7.664,1.305,1347.469,1,2,flow_397,0,,,
2025-11-24T08:06:00.457490,63.214.178.83,5,18535,4.955,1.009,3740.666,0,2,flow_398,0,,,
2025-11-24T08:36:57.457500,207.130.143.162,2,6119,5.531,0.362,1106.31,0,2,flow_399,0,,,
2025-11-24T11:13:15.457509,33.255.135.43,19,15629,9.115,2.084,1714.646,2,1,flow_400,0,,,
2025-11-23T22:18:05.457518,201.215.174.77,14,8126,7.731,1.811,1051.093,0,1,flow_401,0,,,
2025-11-23T21:14:36.457527,91.3.16.230,6,7058,9.427,0.636,748.701,0,2,flow_402,0,,,
2025-11-23T23:52:53.457538,219.87.124.198,93,185332,3.127,29.741,59268.308,25,41,flow_403,1,alert_403,0.6515,2025-11-24T16:32:59.457535
2025-11-24T06:28:37.457548,55.167.214.188,13,15428,8.517,1.526,1811.436,1,1,flow_404,0,,,
2025-11-24T15:28:29.457557,227.244.168.129,16,16805,7.858,2.036,2138.585,2,2,flow_405,0,,,
2025-11-24T15:32:41.457565,4.12.38.7,6,12110,2.845,2.109,4256.591,2,1,flow_406,0,,,
2025-11-23T19:58:45.457577,22.239.134.32,110,41615,1.007,109.235,41325.72,21,25,flow_407,1,alert_407,0.7945,2025-11-24T16:54:12.457573
2025-11-24T06:28:10.457586,77.242.35.121,12,10624,8.804,1.363,1206.724,2,3,flow_408,0,,,
2025-11-24T10:23:30.457595,37.112.45.182,10,8150,9.872,1.013,825.567,2,1,flow_409,0,,,
2025-11-24T16:01:14.457604,221.192.73.38,13,5456,6.628,1.961,823.174,0,3,flow_410,0,,,
2025-11-24T13:20:48.457613,210.151.241.69,4,6579,7.762,0.515,847.591,1,3,flow_411,0,,,
2025-11-24T12:39:50.457623,155.7.130.245,15,10956,0.48,31.25,22825.0,0,2,flow_412,0,,,
2025-11-24T07:55:12.457631,174.201.72.79,4,3949,6.62,0.604,596.526,1,1,flow_413,0,,,
2025-11-23T22:01:53.457643,116.41.93.1,64,53914,4.368,14.652,12342.949,14,30,flow_414,1,alert_414,0.7116,2025-11-24T16:59:48.457640
2025-11-24T12:16:30.457653,236.132.253.244,4,1419,9.106,0.439,155.831,1,3,flow_415,0,,,
2025-11-24T08:54:35.457661,221.124.4.191,14,1214,1.645,8.511,737.994,1,2,flow_416,0,,,
2025-11-23T20:45:50.457670,13.233.125.151,1,5923,5.98,0.167,990.468,2,1,flow_417,0,,,
2025-11-23T23:33:18.457678,3.244.142.185,10,18503,2.023,4.943,9146.317,0,3,flow_418,0,,,
2025-11-23T21:33:27.457689,245.214.87.123,18,6705,1.536,11.719,4365.234,1,3,flow_419,0,,,
2025-11-24T17:05:12.457724,107.57.38.105,12,14441,8.479,1.415,1703.149,2,3,flow_420,0,,,
2025-11-24T13:50:10.457740,208.5.20.170,144,194401,0.688,209.302,282559.593,2,23,flow_421,1,alert_421,0.9126,2025-11-24T16:41:23.457736
2025-11-24T07:12:57.457751,47.137.3.189,20,4699,8.318,2.404,564.919,1,1,flow_422,0,,,
2025-11-24T15:18:37.457760,49.219.200.23,7,13403,4.463,1.568,3003.137,1,3,flow_423,0,,,
2025-11-24T09:11:29.457769,37.95.127.223,14,5278,2.213,6.326,2384.998,1,2,flow_424,0,,,
2025-11-24T05:34:11.457778,47.188.251.42,5,19449,3.702,1.351,5253.647,0,2,flow_425,0,,,
2025-11-23T22:55:38.457786,92.12.148.142,15,19994,1.677,8.945,11922.481,0,2,flow_426,0,,,
2025-11-24T04:01:53.457795,144.143.83.228,19,7372,6.036,3.148,1221.339,2,2,flow_427,0,,,
2025-11-24T01:35:50.457807,11.19.242.135,101,194181,4.077,24.773,47628.403,38,16,flow_428,1,alert_428,0.8842,2025-11-24T16:53:21.457804
2025-11-24T07:44:24.457816,26.45.23.64,8,9078,3.886,2.059,2336.078,1,3,flow_429,0,,,
2025-11-24T12:29:59.457840,173.131.50.190,17,6202,5.628,3.021,1101.99,0,3,flow_430,0,,,
2025-11-23T18:31:11.457854,116.135.153.25,14,17501,0.349,40.115,50146.132,0,1,flow_431,0,,,
2025-11-24T11:45:36.457866,171.192.75.68,7,16563,3.48,2.011,4759.483,2,2,flow_432,0,,,
2025-11-24T05:32:18.457875,7.138.148.144,3,16988,6.353,0.472,2674.012,0,2,flow_433,0,,,
2025-11-24T00:01:35.457885,229.163.36.237,7,2473,3.532,1.982,700.17,2,3,flow_434,0,,,
2025-11-24T00:02:17.457893,145.207.208.250,10,9072,6.318,1.583,1435.897,0,2,flow_435,0,,,
2025-11-24T00:59:06.457906,137.156.177.160,158,90650,1.962,80.53,46202.854,37,5,flow_436,1,alert_436,0.6058,2025-11-24T17:11:54.457903
2025-11-24T12:07:24.457917,24.106.97.18,8,8419,2.476,3.231,3400.242,1,2,flow_437,0,,,
2025-11-24T09:29:56.457926,77.227.124.198,1,14169,1.856,0.539,7634.159,1,1,flow_438,0,,,
2025-11-23T23:11:16.457934,135.94.169.95,7,3432,8.385,0.835,409.302,0,2,flow_439,0,,,
2025-11-23T19:24:17.457943,161.0.149.111,17,17629,1.557,10.918,11322.415,0,3,flow_440,0,,,
2025-11-24T01:17:58.457955,96.149.12.10,77,114634,3.975,19.371,28838.742,40,35,flow_441,1,alert_441,0.7378,2025-11-24T17:05:10.457952
2025-11-24T04:45:29.457965,170.22.1.217,4,8592,5.211,0.768,1648.82,0,1,flow_442,0,,,
2025-11-24T16:07:36.457973,14.233.164.43,12,17083,1.715,6.997,9960.933,0,3,flow_443,0,,,
2025-11-24T08:46:50.457982,165.69.53.179,17,14099,7.398,2.298,1905.785,0,1,flow_444,0,,,
2025-11-23T18:44:58.457991,38.34.135.49,4,3350,5.135,0.779,652.386,2,3,flow_445,0,,,
2025-11-24T00:39:24.458003,105.200.200.76,71,185725,4.961,14.312,37437.009,17,41,flow_446,1,alert_446,0.7095,2025-11-24T16:55:10.458000
2025-11-23T21:02:30.458013,179.223.205.217,13,7847,7.849,1.656,999.745,0,2,flow_447,0,,,
2025-11-24T06:38:32.458021,164.154.142.10,19,1525,5.621,3.38,271.304,0,1,flow_448,0,,,
2025-11-24T09:50:48.458030,221.183.184.216,15,1145,0.614,24.43,1864.821,2,1,flow_449,0,,,
2025-11-24T05:02:17.458039,180.52.218.199,2,9963,8.559,0.234,1164.038,1,2,flow_450,0,,,
2025-11-23T18:43:58.458047,224.174.123.126,19,17254,4.614,4.118,3739.489,1,3,flow_451,0,,,
2025-11-24T12:02:01.458056,107.82.18.248,16,19800,3.727,4.293,5312.584,2,3,flow_452,0,,,
2025-11-24T08:30:17.458064,11.11.141.92,19,12867,3.817,4.978,3370.972,0,1,flow_453,0,,,
2025-11-24T05:35:41.458073,196.92.204.124,19,16671,6.38,2.978,2613.009,1,2,flow_454,0,,,
2025-11-24T06:07:31.458082,185.215.123.139,13,8532,3.906,3.328,2184.332,1,3,flow_455,0,,,
2025-11-24T06:20:21.458091,93.16.91.201,14,7390,7.261,1.928,1017.766,2,1,flow_456,0,,,
2025-11-23T21:12:34.458099,234.103.140.124,18,2824,3.002,5.996,940.706,2,3,flow_457,0,,,
2025-11-24T14:59:37.458107,128.105.110.195,3,14739,6.689,0.448,2203.468,0,2,flow_458,0,,,
2025-11-24T13:40:34.458116,48.159.145.112,17,17391,7.895,2.153,2202.787,2,1,flow_459,0,,,
2025-11-24T16:18:03.458125,125.73.120.148,13,18654,3.971,3.274,4697.557,1,2,flow_460,0,,,
2025-11-23T22:39:02.458133,64.192.185.30,7,7860,3.988,1.755,1970.913,2,2,flow_461,0,,,
2025-11-23T20:43:56.458142,58.150.54.136,17,12140,4.61,3.688,2633.406,0,1,flow_462,0,,,
2025-11-24T17:06:57.458151,6.136.177.160,18,1069,0.398,45.226,2685.93,1,2,flow_463,0,,,
2025-11-24T04:41:17.458162,228.255.187.58,132,49855,3.904,33.811,12770.236,27,26,flow_464,1,alert_464,0.6446,2025-11-24T16:30:19.458159
2025-11-23T19:15:59.458171,196.58.9.115,15,19972,5.096,2.943,3919.152,0,1,flow_465,0,,,
2025-11-24T13:42:21.458180,54.73.90.211,9,12527,4.806,1.873,2606.533,2,2,flow_466,0,,,
2025-11-24T12:54:46.458188,95.124.137.51,17,576,0.56,30.357,1028.571,2,1,flow_467,0,,,
2025-11-23T19:52:02.458197,127.74.56.64,9,17165,7.544,1.193,2275.318,0,1,flow_468,0,,,
2025-11-24T17:22:15.458205,72.111.91.78,6,2837,6.055,0.991,468.538,2,3,flow_469,0,,,
2025-11-23T23:49:00.458215,54.73.35.10,7,13765,7.608,0.92,1809.28,1,3,flow_470,0,,,
2025-11-23T20:04:32.458224,21.56.67.185,17,5411,9.236,1.841,585.86,2,1,flow_471,0,,,
2025-11-24T10:46:13.458235,159.220.109.123,73,57905,3.606,20.244,16057.959,11,19,flow_472,1,alert_472,0.9829,2025-11-24T17:14:38.458232
2025-11-24T01:54:32.458245,1.245.222.18,10,11186,6.524,1.533,1714.592,2,2,flow_473,0,,,
2025-11-24T09:08:42.458253,27.48.3.235,18,1826,6.303,2.856,289.703,1,3,flow_474,0,,,
2025-11-24T10:42:35.458262,195.255.52.29,14,15638,8.117,1.725,1926.574,2,3,flow_475,0,,,
2025-11-24T09:54:54.458271,254.34.128.218,6,10361,3.966,1.513,2612.456,2,2,flow_476,0,,,
2025-11-23T21:03:54.458279,40.37.106.9,2,13999,8.24,0.243,1698.908,0,2,flow_477,0,,,
2025-11-24T10:33:30.458288,134.58.246.34,19,1968,5.551,3.423,354.531,1,3,flow_478,0,,,
2025-11-24T05:26:47.458296,197.5.154.100,12,18393,5.234,2.293,3514.138,2,2,flow_479,0,,,
2025-11-24T03:52:19.458305,241.30.120.142,9,6702,2.579,3.49,2598.682,1,2,flow_480,0,,,
2025-11-24T08:03:40.458314,43.217.251.42,12,19577,3.531,3.398,5544.322,2,3,flow_481,0,,,
2025-11-24T00:00:58.458323,186.245.60.161,9,2702,2.733,3.293,988.657,1,2,flow_482,0,,,
2025-11-23T23:44:33.458331,185.145.14.43,13,4550,4.026,3.229,1130.154,2,2,flow_483,0,,,
2025-11-23T21:02:27.458340,87.89.21.98,16,13999,7.515,2.129,1862.808,1,2,flow_484,0,,,
2025-11-24T00:18:55.458349,249.50.133.51,8,14389,4.465,1.792,3222.62,0,3,flow_485,0,,,
2025-11-24T07:22:57.458357,182.136.32.240,9,12003,6.955,1.294,1725.809,2,2,flow_486,0,,,
2025-11-24T00:49:19.458366,158.53.206.5,1,10969,0.438,2.283,25043.379,0,3,flow_487,0,,,
2025-11-24T15:29:23.458377,101.145.244.238,77,159634,3.162,24.352,50485.136,24,33,flow_488,1,alert_488,0.7772,2025-11-24T16:44:25.458374
2025-11-24T11:09:02.458386,138.61.237.59,9,1601,6.576,1.369,243.461,0,3,flow_489,0,,,
2025-11-24T01:52:19.458395,170.37.10.58,8,200,1.264,6.329,158.228,0,2,flow_490,0,,,
2025-11-24T12:03:07.458404,104.49.17.147,10,4268,2.264,4.417,1885.159,1,3,flow_491,0,,,
2025-11-24T10:37:22.458413,65.45.151.186,6,6034,6.385,0.94,945.027,1,1,flow_492,0,,,
2025-11-24T04:08:15.458421,116.184.192.57,1,13572,8.328,0.12,1629.683,1,2,flow_493,0,,,
2025-11-23T19:01:34.458430,73.153.35.94,10,2422,7.685,1.301,315.159,1,1,flow_494,0,,,
2025-11-24T04:55:37.458438,168.112.236.93,3,7050,4.032,0.744,1748.512,0,3,flow_495,0,,,
2025-11-24T00:27:58.458447,76.122.127.114,5,8381,8.479,0.59,988.442,2,2,flow_496,0,,,
2025-11-24T03:09:53.458455,135.82.114.123,1,4644,2.112,0.473,2198.864,2,3,flow_497,0,,,
2025-11-24T15:57:12.458464,229.253.110.44,9,19078,5.393,1.669,3537.549,2,3,flow_498,0,,,
2025-11-23T17:38:56.458472,96.17.141.227,2,16435,1.79,1.117,9181.564,0,3,flow_499,0,,,
